"Make","Model","Price","Mileage","Body.Type","Cylinders","Transmission","Fuel.Type","Color","Location","Deal"
"ford","escape",24277,129540,"SUV","4","Automatic Transmission","Gasoline","Blue"," Dubai","Good"
"bmw","x1",82562,104995,"SUV","4","Automatic Transmission","Gasoline","Grey"," Dubai","Neutral"
"ford","van",74115,82978,"Van","4","Manual Transmission","Diesel","White"," Dubai","Good"
"volkswagen","id6",159655,115713,"SUV","","Automatic Transmission","Electric","White"," Dubai","Good"
"porsche","cayenne",117160,293106,"SUV","6","Automatic Transmission","Gasoline","Gold"," Dubai","Good"
"kia","sorento",25285,209768,"SUV","6","Automatic Transmission","Gasoline","Green"," Ras Al Khaimah","Good"
"gmc","terrain",75512,294272,"SUV","6","Automatic Transmission","Gasoline","Grey"," Dubai","Good"
"chevrolet","spark",29502,271972,"Hatchback","4","Manual Transmission","Gasoline","Blue"," Dubai","Good"
"bentley","bentayga",756870,284110,"SUV","12","Automatic Transmission","Gasoline","Black"," Dubai","Poor"
"audi","q8",568426,70121,"SUV","8","Automatic Transmission","Gasoline","White"," Dubai","Poor"
"porsche","panamera",462714,223210,"Coupe","6","Automatic Transmission","Gasoline","White"," Al Ain","Poor"
"nissan","patrol",69514,115809,"SUV","8","Automatic Transmission","Gasoline","White"," Dubai","Good"
"audi","a8",127287,232563,"Sedan","8","Automatic Transmission","Gasoline","White"," Sharjah","Good"
"audi","s3rs3",101982,56818,"Sedan","4","Automatic Transmission","Gasoline","Red"," Dubai","Good"
"hyundai","tucson",70757,57885,"SUV","4","Automatic Transmission","Gasoline","Burgundy"," Dubai","Poor"
"nissan","300zx",60755,235511,"Coupe","6","Manual Transmission","Gasoline","Grey","Sharjah","Poor"
"honda","civic",30718,201143,"Sedan","4","Automatic Transmission","Gasoline","Grey"," Dubai","Good"
"ford","pickup",290610,255169,"Pick Up Truck","6","Automatic Transmission","Gasoline","Red"," Dubai","Poor"
"nissan","patrol",248627,163013,"SUV","6","Automatic Transmission","Gasoline","Silver"," Dubai","Poor"
"land-rover","range-rover-evoque",72518,147669,"SUV","4","Automatic Transmission","Gasoline","Black"," Dubai","Good"
"maybach","57",480525,38224,"Sedan","12","Automatic Transmission","Gasoline","Black"," Dubai","Poor"
"ford","mustang",122871,188323,"Coupe","8","Automatic Transmission","Gasoline","White"," Dubai","Neutral"
"honda","accord",25086,24940,"Sedan","4","Automatic Transmission","Gasoline","Grey"," Dubai","Good"
"nissan","murano",44215,29143,"SUV","6","Automatic Transmission","Gasoline","Grey"," Dubai","Good"
"mercedes-benz","e-class",135062,213364,"Sedan","4","Automatic Transmission","Gasoline","Black"," Dubai","Good"
"toyota","prado",93819,142320,"SUV","6","Automatic Transmission","Gasoline","Black"," Dubai","Neutral"
"bmw","3-series",26462,155959,"Sedan","4","Automatic Transmission","Gasoline","White"," Dubai","Poor"
"mercedes-benz","s-class",27113,51277,"Sedan","8","Automatic Transmission","Gasoline","White"," Dubai","Good"
"audi","s3rs3",141563,85696,"SUV","5","Automatic Transmission","Gasoline","Grey"," Dubai","Good"
"cadillac","ctscatera",43618,255470,"Sedan","4","Automatic Transmission","Gasoline","Red"," Abu Dhabi","Good"
"ford","figo",15288,148419,"Sedan","4","Automatic Transmission","Gasoline","Red"," Dubai","Good"
"nissan","navara",52711,10221,"Pick Up Truck","4","Manual Transmission","Gasoline","White"," Abu Dhabi","Good"
"mercedes-benz","g-class",1377547,227463,"SUV","8","Automatic Transmission","Gasoline","Black"," Dubai","Poor"
"porsche","panamera",138192,60922,"Sedan","8","Automatic Transmission","Gasoline","Black"," Dubai","Good"
"land-rover","range-rover-velar",323579,89201,"SUV","6","Automatic Transmission","Gasoline","White"," Dubai","Good"
"mercedes-benz","gle-class",159697,211850,"SUV","8","Automatic Transmission","Gasoline","Burgundy"," Sharjah","Good"
"kia","sportage",34193,96689,"SUV","4","Automatic Transmission","Gasoline","Black"," Dubai","Good"
"mercedes-benz","e-class",79879,161536,"Wagon","4","Automatic Transmission","Gasoline","Black"," Dubai","Good"
"audi","s7rs7",683774,221911,"Sedan","8","Automatic Transmission","Gasoline","Grey"," Dubai","Poor"
"porsche","macan",309049,201131,"SUV","4","Automatic Transmission","Gasoline","Grey"," Dubai","Neutral"
"jeep","grand-cherokee",149922,83787,"SUV","8","Automatic Transmission","Gasoline","Black"," Dubai","Neutral"
"ford","edge",57494,24752,"SUV","6","Automatic Transmission","Gasoline","Black"," Dubai","Good"
"chevrolet","silverado",108304,57123,"Pick Up Truck","8","Automatic Transmission","Gasoline","Black"," Dubai","Neutral"
"porsche","cayenne",1055578,169934,"SUV","8","Automatic Transmission","Gasoline","Grey"," Dubai","Poor"
"nissan","patrol",68580,50462,"SUV","8","Automatic Transmission","Gasoline","Gold"," Dubai","Good"
"mini","cooper",63096,245172,"Hatchback","4","Automatic Transmission","Gasoline","Grey"," Dubai","Good"
"mercedes-benz","c-class",49754,191358,"Sedan","6","Automatic Transmission","Gasoline","Black"," Dubai","Good"
"mercedes-benz","e-class",155887,199308,"Sedan","4","Automatic Transmission","Gasoline","Black"," Dubai","Good"
"mercedes-benz","c-class",190847,99723,"Sedan","4","Automatic Transmission","Gasoline","White"," Dubai","Poor"
"mercedes-benz","cla",85739,21929,"Sedan","4","Automatic Transmission","Gasoline","White"," Dubai","Good"
"mercedes-benz","s-class",172674,170850,"Sedan","8","Automatic Transmission","Gasoline","White"," Dubai","Good"
"chevrolet","tahoe",54644,98227,"SUV","8","Automatic Transmission","Gasoline","Gold"," Sharjah","Good"
"bentley","continental",441519,56432,"Sports Car","8","Automatic Transmission","Gasoline","White"," Dubai","Neutral"
"jaguar","xj6",47106,199060,"Sedan","4","Automatic Transmission","Gasoline","Red"," Abu Dhabi","Good"
"ford","other",197744,263093,"Other","8","Automatic Transmission","Gasoline","Blue"," Dubai","Poor"
"bmw","x6",47215,57750,"SUV","8","Automatic Transmission","Gasoline","White"," Dubai","Good"
"jeep","grand-cherokee",69696,247832,"SUV","8","Automatic Transmission","Gasoline","Grey"," Dubai","Good"
"bmw","7-series",173026,72404,"Sedan","8","Automatic Transmission","Gasoline","White"," Dubai","Good"
"ferrari","488-gtb",690224,259100,"Sports Car","8","Automatic Transmission","Gasoline","Orange"," Dubai","Good"
"bmw","7-series",53318,73404,"Sedan","6","Automatic Transmission","Gasoline","White"," Dubai","Good"
"rolls-royce","ghost",3550410,106634,"Sedan","12","Automatic Transmission","Gasoline","White"," Dubai","Poor"
"ford","explorer",170804,149034,"SUV","6","Automatic Transmission","Gasoline","Silver"," Dubai","Poor"
"gmc","yukon",46563,157893,"Other","4","Automatic Transmission","Gasoline","Other Color"," Dubai","Good"
"gmc","terrain",26169,51784,"SUV","6","Automatic Transmission","Gasoline","White"," Dubai","Good"
"peugeot","expert",31223,72164,"Utility Truck","4","Automatic Transmission","Diesel","White"," Dubai","Good"
"mercedes-benz","g-class",351190,218826,"Utility Truck","6","Automatic Transmission","Diesel","Green"," Dubai","Neutral"
"bmw","x6",175795,178316,"SUV","8","Automatic Transmission","Gasoline","Black"," Dubai","Good"
"toyota","land-cruiser",389891,156397,"SUV","6","Automatic Transmission","Gasoline","White"," Dubai","Poor"
"toyota","land-cruiser",157787,188085,"SUV","6","Automatic Transmission","Gasoline","White","Ajman","Poor"
"mercedes-benz","amg-gt-4-doors",517761,288620,"Coupe","6","Automatic Transmission","Gasoline","Silver"," Dubai","Poor"
"lexus","lx-series",85402,245603,"SUV","8","Automatic Transmission","Gasoline","Black"," Sharjah","Neutral"
"rolls-royce","wraith",880367,21351,"Coupe","12","Automatic Transmission","Gasoline","Black"," Dubai","Poor"
"audi","s3rs3",80110,66944,"Sedan","4","Automatic Transmission","Gasoline","Grey"," Dubai","Good"
"lamborghini","aventador",2920855,228130,"Hard Top Convertible","12","Automatic Transmission","Gasoline","Red"," Dubai","Poor"
"land-rover","range-rover-sport",275466,280805,"SUV","8","Automatic Transmission","Gasoline","Blue"," Dubai","Good"
"mitsubishi","lancer",27727,21417,"Sedan","4","Automatic Transmission","Gasoline","Grey"," Dubai","Good"
"toyota","rav-4",111994,191926,"SUV","4","Automatic Transmission","Gasoline","Silver"," Dubai","Neutral"
"honda","hr-v",81340,107549,"SUV","4","Automatic Transmission","Gasoline","White"," Dubai","Neutral"
"mercedes-benz","g-class",827444,287247,"SUV","8","Automatic Transmission","Gasoline","White"," Dubai","Poor"
"dodge","ram",99586,27940,"Pick Up Truck","8","Automatic Transmission","Gasoline","Grey"," Dubai","Neutral"
"hyundai","palisade",180372,158714,"SUV","6","Automatic Transmission","Gasoline","White"," Dubai","Poor"
"jaguar","xf",49680,181764,"Sedan","4","Automatic Transmission","Gasoline","White"," Dubai","Good"
"gmc","acadia",15604,50990,"SUV","6","Automatic Transmission","Gasoline","White"," Sharjah","Good"
"daihatsu","gran-max",25893,117581,"Van","4","Automatic Transmission","Gasoline","White"," Dubai","Good"
"mercedes-benz","c-class",120545,90682,"Coupe","8","Automatic Transmission","Gasoline","White"," Abu Dhabi","Good"
"gmc","yukon",123472,142708,"SUV","8","Automatic Transmission","Gasoline","Black"," Dubai","Neutral"
"ford","figo",29721,55742,"Hatchback","4","Automatic Transmission","Gasoline","Silver"," Dubai","Good"
"mercedes-benz","g-class",1056557,127841,"SUV","8","Automatic Transmission","Gasoline","Black"," Dubai","Poor"
"jeep","grand-cherokee",166681,74700,"SUV","6","Automatic Transmission","Gasoline","Silver"," Dubai","Poor"
"cadillac","escalade",219130,225327,"SUV","8","Automatic Transmission","Gasoline","Black"," Dubai","Poor"
"nissan","patrol",139683,103162,"SUV","6","Automatic Transmission","Gasoline","Gold"," Abu Dhabi","Neutral"
"land-rover","defender",263476,239949,"SUV","4","Automatic Transmission","Diesel","Black"," Dubai","Good"
"ford","pickup",147764,253011,"Utility Truck","8","Automatic Transmission","Gasoline","Silver"," Ajman","Neutral"
"mercedes-benz","e-class",222931,18128,"Sedan","6","Automatic Transmission","Gasoline","White"," Abu Dhabi","Poor"
"jeep","wrangler",123719,193908,"SUV","6","Automatic Transmission","Gasoline","Grey"," Abu Dhabi","Neutral"
"chevrolet","corvette",151337,56130,"Sports Car","8","Automatic Transmission","Gasoline","Black"," Sharjah","Neutral"
"mercedes-benz","s-class",47357,44022,"Sedan","8","Automatic Transmission","Gasoline","White"," Dubai","Good"
"mercedes-benz","s-class",140991,162255,"Sedan","8","Automatic Transmission","Gasoline","Black"," Ajman","Good"
"bmw","3-series",118597,117109,"Sedan","3","Automatic Transmission","Gasoline","Grey"," Dubai","Good"
"mitsubishi","pajero",55306,289543,"SUV","6","Automatic Transmission","Gasoline","Grey"," Dubai","Neutral"
"volkswagen","touareg",83651,187103,"SUV","6","Automatic Transmission","Gasoline","Black"," Dubai","Good"
"bmw","x5",45678,79709,"SUV","4","Automatic Transmission","Gasoline","Black"," Dubai","Good"
"ford","ecosport",25919,243019,"SUV","4","Automatic Transmission","Gasoline","White"," Dubai","Neutral"
"audi","a5",74454,101780,"Coupe","6","Automatic Transmission","Gasoline","White"," Dubai","Good"
"mercedes-benz","cls-class",54829,48212,"Sedan","6","Automatic Transmission","Gasoline","Grey"," Abu Dhabi","Good"
"porsche","boxster",225017,181546,"Soft Top Convertible","4","Automatic Transmission","Gasoline","White","Abu Dhabi","Neutral"
"mercedes-benz","gle-coupe",237284,83729,"Coupe","6","Automatic Transmission","Gasoline","Grey"," Dubai","Neutral"
"porsche","cayenne",75041,116882,"SUV","8","Automatic Transmission","Gasoline","White"," Dubai","Good"
"toyota","camry",125001,34258,"Sedan","6","Automatic Transmission","Gasoline","Black"," Dubai","Neutral"
"porsche","cayenne",33626,57565,"SUV","8","Automatic Transmission","Gasoline","White"," Dubai","Neutral"
"jaguar","xe",88474,171656,"Sedan","6","Automatic Transmission","Gasoline","Black"," Dubai","Good"
"rolls-royce","cullinan",2192479,207851,"SUV","12","Automatic Transmission","Gasoline","Black"," Dubai","Poor"
"toyota","hilux",33482,296666,"Pick Up Truck","4","Manual Transmission","Gasoline","White","Abu Dhabi","Good"
"bmw","6-series",29694,53565,"Coupe","8","Automatic Transmission","Gasoline","Black"," Dubai","Good"
"bmw","8-series",396256,270782,"Coupe","8","Automatic Transmission","Gasoline","Blue"," Dubai","Poor"
"ferrari","california",239144,12410,"Hard Top Convertible","8","Automatic Transmission","Gasoline","Red"," Dubai","Good"
"bmw","6-series",56322,17574,"Sedan","6","Automatic Transmission","Gasoline","Gold"," Dubai","Good"
"nissan","pathfinder",23864,141953,"Sedan","6","Automatic Transmission","Gasoline","White"," Sharjah","Good"
"toyota","yaris",39395,202616,"Sedan","4","Automatic Transmission","Gasoline","Black"," Dubai","Good"
"bmw","x5",467876,73805,"SUV","8","Automatic Transmission","Gasoline","Other Color"," Dubai","Poor"
"hyundai","creta",61555,73921,"SUV","4","Automatic Transmission","Gasoline","Grey"," Dubai","Neutral"
"bentley","continental-flying-spur",1221317,91141,"Sedan","8","Automatic Transmission","Gasoline","White"," Dubai","Poor"
"nissan","altima",12157,199090,"Sedan","4","Automatic Transmission","Gasoline","Black"," Sharjah","Good"
"bentley","continental-gt",207682,84300,"Sports Car","8","Automatic Transmission","Gasoline","Black"," Dubai","Good"
"dodge","ram",411782,154700,"Pick Up Truck","8","Automatic Transmission","Gasoline","Red"," Dubai","Poor"
"kia","sportage",49834,162055,"SUV","4","Automatic Transmission","Gasoline","Black"," Sharjah","Neutral"
"mercedes-benz","g-class",1022382,245416,"SUV","8","Automatic Transmission","Gasoline","Blue"," Dubai","Poor"
"suzuki","jimny",71795,171059,"Coupe","4","Automatic Transmission","Gasoline","Black"," Dubai","Neutral"
"mitsubishi","evolution",53793,135489,"Sedan","4","Automatic Transmission","Gasoline","Black"," Dubai","Good"
"dodge","challenger",86520,230635,"Sports Car","8","Automatic Transmission","Gasoline","White"," Dubai","Neutral"
"jaguar","xf",74622,39562,"Sedan","4","Automatic Transmission","Gasoline","White"," Dubai","Good"
"nissan","patrol",92562,258793,"SUV","8","Automatic Transmission","Gasoline","White"," Dubai","Neutral"
"mitsubishi","attrage",28386,17653,"Sedan","3","Automatic Transmission","Gasoline","Grey"," Dubai","Good"
"ford","expedition",33619,130203,"SUV","8","Automatic Transmission","Gasoline","Green","Abu Dhabi","Good"
"kia","optima",54753,196220,"Sedan","4","Automatic Transmission","Gasoline","White"," Sharjah","Neutral"
"toyota","land-cruiser",465857,126331,"SUV","6","Automatic Transmission","Gasoline","Grey"," Dubai","Poor"
"porsche","cayenne",62406,257564,"SUV","8","Automatic Transmission","Gasoline","White"," Abu Dhabi","Good"
"mercedes-benz","s-class",1233817,134757,"Sedan","12","Automatic Transmission","Gasoline","Gold"," Dubai","Poor"
"bmw","3-series",75930,74895,"Sedan","4","Automatic Transmission","Gasoline","White"," Dubai","Good"
"bmw","5-series",21688,279103,"Sedan","4","Automatic Transmission","Gasoline","Grey"," Abu Dhabi","Good"
"jeep","wrangler",125879,31652,"SUV","6","Automatic Transmission","Gasoline","Red"," Dubai","Neutral"
"land-rover","lr4",45267,156014,"SUV","8","Automatic Transmission","Gasoline","Red"," Abu Dhabi","Good"
"mini","cooper",82386,283606,"Sedan","4","Automatic Transmission","Gasoline","Grey"," Dubai","Good"
"nissan","patrol",156052,170686,"SUV","6","Automatic Transmission","Gasoline","White"," Sharjah","Poor"
"mercedes-benz","gle-coupe",266291,166998,"Coupe","6","Automatic Transmission","Gasoline","White"," Dubai","Neutral"
"land-rover","range-rover-sport",139041,295662,"SUV","6","Automatic Transmission","Gasoline","White"," Dubai","Good"
"mercedes-benz","e-class",449746,70852,"Coupe","4","Automatic Transmission","Gasoline","White"," Dubai","Poor"
"toyota","hilux",35915,297363,"Pick Up Truck","4","Manual Transmission","Gasoline","White","Abu Dhabi","Good"
"toyota","hiace",86410,274969,"Other","4","Manual Transmission","Gasoline","White"," Sharjah","Poor"
"porsche","macan",114723,27451,"SUV","6","Automatic Transmission","Gasoline","Grey"," Dubai","Good"
"lamborghini","aventador",2511401,203984,"Hard Top Convertible","12","Automatic Transmission","Gasoline","Yellow"," Dubai","Poor"
"hyundai","sonata",45621,233584,"Sedan","4","Automatic Transmission","Gasoline","Red"," Ajman","Neutral"
"gmc","yukon",299991,161036,"SUV","8","Automatic Transmission","Diesel","White"," Dubai","Poor"
"westfield-sportscars","special-edition",116328,287278,"Coupe","4","Manual Transmission","Gasoline","Grey"," Dubai","Good"
"nissan","patrol",106885,14769,"SUV","8","Automatic Transmission","Gasoline","Gold"," Dubai","Neutral"
"bmw","5-series",138089,292772,"Sedan","4","Automatic Transmission","Gasoline","White"," Dubai","Neutral"
"land-rover","range-rover-sport",39037,216356,"SUV","8","Automatic Transmission","Gasoline","Blue"," Dubai","Good"
"land-rover","range-rover",222044,33480,"SUV","8","Automatic Transmission","Gasoline","Black"," Dubai","Good"
"bmw","x5",181710,207977,"SUV","6","Automatic Transmission","Gasoline","Grey"," Dubai","Good"
"dodge","dart",25381,235890,"Sedan","4","Automatic Transmission","Gasoline","White"," Dubai","Good"
"nissan","murano",40937,218605,"SUV","6","Automatic Transmission","Gasoline","White"," Dubai","Good"
"dodge","charger",165669,224185,"Sedan","8","Automatic Transmission","Gasoline","Silver"," Dubai","Good"
"toyota","fj-cruiser",102606,84039,"SUV","6","Automatic Transmission","Gasoline","White"," Dubai","Neutral"
"ford","edge",85657,163769,"SUV","6","Automatic Transmission","Gasoline","Brown"," Dubai","Good"
"chevrolet","aveo",26720,109012,"Sedan","4","Automatic Transmission","Gasoline","White"," Dubai","Good"
"land-rover","range-rover",167603,34712,"SUV","8","Automatic Transmission","Gasoline","White"," Dubai","Good"
"mercedes-benz","g-class",960375,206897,"SUV","8","Automatic Transmission","Gasoline","Grey"," Dubai","Poor"
"mitsubishi","l200",46548,187524,"Pick Up Truck","4","Manual Transmission","Diesel","White"," Dubai","Good"
"lexus","lx-series",22063,117781,"SUV","8","Automatic Transmission","Gasoline","Grey"," Dubai","Good"
"maserati","ghibli",96685,115588,"Sedan","6","Automatic Transmission","Gasoline","Grey"," Dubai","Good"
"toyota","fortuner",119453,282122,"SUV","4","Automatic Transmission","Gasoline","Grey"," Dubai","Neutral"
"land-rover","range-rover",146275,143105,"SUV","8","Automatic Transmission","Gasoline","Gold"," Ajman","Good"
"nissan","patrol",350421,78996,"SUV","8","Automatic Transmission","Gasoline","Grey"," Dubai","Poor"
"land-rover","range-rover-sport",47486,161635,"SUV","8","Automatic Transmission","Gasoline","White"," Dubai","Good"
"hyundai","santa-fe",17487,282115,"SUV","6","Automatic Transmission","Gasoline","Grey"," Abu Dhabi","Good"
"nissan","370z",81265,71367,"Coupe","6","Automatic Transmission","Gasoline","White"," Dubai","Neutral"
"mercedes-benz","s-class",41625,34270,"Sedan","6","Automatic Transmission","Gasoline","Black"," Dubai","Good"
"ford","mustang",28375,94975,"Coupe","6","Automatic Transmission","Gasoline","Black"," Dubai","Good"
"rolls-royce","ghost",892342,74319,"Sedan","12","Automatic Transmission","Gasoline","White"," Dubai","Poor"
"mercedes-benz","gl-class",42087,59162,"SUV","8","Automatic Transmission","Gasoline","Blue"," Abu Dhabi","Good"
"mercedes-benz","c-class",89508,240911,"Sedan","4","Automatic Transmission","Gasoline","Black"," Dubai","Good"
"mercedes-benz","s-class",184971,175793,"Sedan","8","Automatic Transmission","Gasoline","Blue"," Sharjah","Good"
"chevrolet","blazer",175068,40661,"SUV","4","Automatic Transmission","Gasoline","Black"," Abu Dhabi","Poor"
"tesla","model-x",449164,55731,"SUV","None","Automatic Transmission","Electric","Black"," Dubai","Poor"
"toyota","fj-cruiser",49032,67554,"SUV","6","Automatic Transmission","Gasoline","Blue"," Abu Dhabi","Good"
"rolls-royce","cullinan",1981429,124899,"SUV","12","Automatic Transmission","Gasoline","White"," Dubai","Poor"
"mercedes-benz","g-class",1382298,237055,"SUV","8","Automatic Transmission","Gasoline","Grey"," Dubai","Poor"
"toyota","hilux",184157,27090,"Pick Up Truck","4","Automatic Transmission","Diesel","Silver"," Dubai","Poor"
"mercedes-benz","cla",92926,244289,"Sedan","4","Automatic Transmission","Gasoline","Grey"," Dubai","Good"
"bmw","x6",142926,62625,"SUV","6","Automatic Transmission","Gasoline","White"," Dubai","Good"
"jeep","wrangler",49119,105577,"SUV","6","Manual Transmission","Gasoline","White"," Abu Dhabi","Good"
"bmw","z4",75469,291776,"Hard Top Convertible","6","Automatic Transmission","Gasoline","Red"," Dubai","Good"
"mercedes-benz","s-class",336735,173087,"Coupe","8","Automatic Transmission","Gasoline","White"," Dubai","Neutral"
"mitsubishi","lancer",28278,80370,"Sedan","4","Automatic Transmission","Gasoline","Grey"," Dubai","Good"
"jeep","wrangler",129497,108505,"SUV","6","Automatic Transmission","Gasoline","Blue"," Dubai","Neutral"
"chevrolet","impala",44494,250365,"Sedan","6","Automatic Transmission","Gasoline","White"," Abu Dhabi","Good"
"mercedes-benz","gle-class",65443,280876,"Other","6","Automatic Transmission","Gasoline","Black"," Dubai","Poor"
"bmw","x1",22673,50506,"SUV","4","Automatic Transmission","Gasoline","Red"," Dubai","Good"
"toyota","land-cruiser",35772,11847,"Sedan","8","Automatic Transmission","Gasoline","White"," Sharjah","Good"
"mazda","cx-5",102780,116561,"SUV","4","Automatic Transmission","Gasoline","Red"," Dubai","Neutral"
"mercedes-benz","v-class",354461,140753,"Van","4","Automatic Transmission","Gasoline","Black"," Dubai","Neutral"
"nissan","maxima",45872,55301,"Sedan","6","Automatic Transmission","Gasoline","Black"," Sharjah","Good"
"nissan","altima",18295,238785,"Sedan","4","Automatic Transmission","Gasoline","Silver"," Dubai","Good"
"mercedes-benz","gt",285986,187432,"Coupe","8","Automatic Transmission","Gasoline","White"," Dubai","Neutral"
"land-rover","range-rover",152348,136218,"Wagon","8","Automatic Transmission","Gasoline","Gold"," Dubai","Good"
"maserati","levante",231117,158440,"SUV","6","Automatic Transmission","Gasoline","Blue"," Dubai","Good"
"mercedes-benz","s-class",74162,29149,"Sedan","8","Automatic Transmission","Gasoline","Silver"," Dubai","Good"
"bmw","7-series",575492,196944,"Sedan","8","Automatic Transmission","Gasoline","Silver"," Abu Dhabi","Poor"
"audi","q8",736651,248994,"SUV","8","Automatic Transmission","Gasoline","Black"," Dubai","Poor"
"audi","other",132166,240157,"Sedan","4","Automatic Transmission","Gasoline","Black"," Dubai","Good"
"toyota","hiace",83020,14327,"Van","6","Manual Transmission","Gasoline","White"," Dubai","Neutral"
"mercedes-benz","gle-class",467154,69788,"SUV","4","Automatic Transmission","Gasoline","White"," Dubai","Poor"
"mercedes-benz","s-class",240957,164433,"Sedan","8","Automatic Transmission","Gasoline","Black"," Dubai","Neutral"
"ferrari","f430",436667,240988,"Coupe","8","Automatic Transmission","Gasoline","Red"," Dubai","Good"
"hyundai","veloster",34434,18047,"Hatchback","4","Automatic Transmission","Gasoline","Black"," Dubai","Good"
"jeep","wrangler-unlimited",302370,96573,"SUV","8","Automatic Transmission","Gasoline","Black"," Dubai","Poor"
"porsche","cayenne",104555,296019,"SUV","8","Automatic Transmission","Gasoline","White"," Dubai","Good"
"toyota","hilux",92960,197399,"Pick Up Truck","4","Automatic Transmission","Gasoline","White"," Dubai","Neutral"
"ferrari","portofino",720442,272801,"Hard Top Convertible","8","Automatic Transmission","Gasoline","Red"," Dubai","Neutral"
"land-rover","lr4",113659,143505,"SUV","6","Automatic Transmission","Gasoline","Black"," Dubai","Good"
"hyundai","sonata",61676,99415,"Sedan","4","Automatic Transmission","Gasoline","White"," Dubai","Neutral"
"jeep","compass",103168,73241,"SUV","4","Automatic Transmission","Gasoline","Blue"," Dubai","Neutral"
"bmw","7-series",189303,180931,"Sedan","8","Automatic Transmission","Gasoline","White"," Dubai","Good"
"lamborghini","urus",1473712,40266,"SUV","8","Automatic Transmission","Gasoline","Black"," Dubai","Poor"
"peugeot","expert",31476,231380,"Utility Truck","4","Automatic Transmission","Diesel","White"," Dubai","Good"
"kia","rio",25079,90686,"Sedan","6","Automatic Transmission","Gasoline","Red"," Dubai","Good"
"lexus","rx-series",70764,258489,"SUV","6","Automatic Transmission","Gasoline","White"," Sharjah","Neutral"
"mercedes-benz","g-class",1476926,293754,"SUV","8","Automatic Transmission","Gasoline","Blue"," Dubai","Good"
"toyota","corolla",57473,87923,"Sedan","4","Automatic Transmission","Gasoline","White"," Dubai","Good"
"jeep","other",401324,66047,"SUV","8","Automatic Transmission","Gasoline","White"," Dubai","Poor"
"toyota","land-cruiser",225617,100880,"SUV","8","Automatic Transmission","Gasoline","White"," Dubai","Poor"
"volvo","s-class",126260,82390,"Sedan","4","Automatic Transmission","Gasoline","Silver"," Dubai","Poor"
"lexus","es-series",29929,92999,"Sedan","6","Automatic Transmission","Gasoline","White"," Dubai","Good"
"hyundai","creta",53227,26025,"SUV","4","Automatic Transmission","Gasoline","White"," Dubai","Neutral"
"mercedes-benz","amg",664847,37895,"Sedan","6","Automatic Transmission","Gasoline","White"," Dubai","Poor"
"porsche","cayenne",224651,249299,"SUV","6","Automatic Transmission","Gasoline","White"," Dubai","Poor"
"infiniti","fx45fx35",51243,116619,"SUV","6","Automatic Transmission","Gasoline","Black"," Dubai","Good"
"bmw","x5",85338,105298,"SUV","8","Automatic Transmission","Gasoline","White"," Dubai","Good"
"infiniti","q50",54362,76618,"Sedan","4","Automatic Transmission","Gasoline","White"," Dubai","Good"
"mercedes-benz","gt",624926,123721,"Coupe","8","Automatic Transmission","Gasoline","Grey"," Dubai","Poor"
"mercedes-benz","s-class",57996,107641,"Sedan","6","Automatic Transmission","Gasoline","Brown"," Abu Dhabi","Good"
"mercedes-benz","cl-class",22239,120772,"Coupe","8","Automatic Transmission","Gasoline","Gold"," Dubai","Neutral"
"renault","koleos",42875,13469,"SUV","4","Automatic Transmission","Gasoline","Grey"," Dubai","Neutral"
"mercedes-benz","glk",33423,190787,"SUV","6","Automatic Transmission","Gasoline","Silver"," Dubai","Good"
"nissan","x-trail",59488,175719,"SUV","4","Automatic Transmission","Gasoline","Silver"," Abu Dhabi","Good"
"suzuki","jimny",72082,241466,"Coupe","4","Automatic Transmission","Gasoline","Black"," Dubai","Neutral"
"infiniti","q80",194567,291966,"SUV","8","Automatic Transmission","Gasoline","Grey"," Dubai","Poor"
"toyota","land-cruiser",78472,159205,"SUV","8","Automatic Transmission","Gasoline","White"," Dubai","Neutral"
"audi","a8",264144,147021,"Sedan","6","Automatic Transmission","Gasoline","White"," Abu Dhabi","Neutral"
"mercedes-benz","gls-class",192775,58830,"SUV","8","Automatic Transmission","Gasoline","White"," Dubai","Good"
"porsche","cayenne",157924,230030,"SUV","5","Automatic Transmission","Gasoline","White"," Dubai","Good"
"honda","civic",42349,102872,"Sedan","4","Automatic Transmission","Gasoline","Red"," Dubai","Good"
"audi","q7",19568,88562,"SUV","6","Automatic Transmission","Gasoline","Grey"," Dubai","Good"
"ford","edge",12615,20863,"SUV","6","Automatic Transmission","Gasoline","Blue"," Dubai","Good"
"lincoln","aviator",207028,165187,"SUV","6","Automatic Transmission","Gasoline","Silver"," Dubai","Poor"
"kia","rio",43071,138992,"Sedan","4","Automatic Transmission","Gasoline","White"," Dubai","Neutral"
"mercedes-benz","m-class",89162,168404,"SUV","6","Automatic Transmission","Gasoline","White"," Dubai","Good"
"mitsubishi","lancer",38197,215184,"Sedan","4","Automatic Transmission","Gasoline","Black"," Dubai","Good"
"cadillac","escalade",49249,243401,"SUV","8","Automatic Transmission","Gasoline","Black"," Sharjah","Neutral"
"porsche","carrera",558984,265462,"Coupe","6","Automatic Transmission","Gasoline","Grey"," Dubai","Poor"
"cadillac","escalade",416427,228731,"SUV","8","Automatic Transmission","Gasoline","Grey"," Dubai","Poor"
"volkswagen","tiguan",79465,296673,"SUV","4","Automatic Transmission","Gasoline","Brown"," Dubai","Good"
"volkswagen","beetle",68663,191181,"Coupe","4","Automatic Transmission","Gasoline","White"," Dubai","Good"
"dodge","ram",75101,84447,"SUV","8","Automatic Transmission","Gasoline","White"," Ajman","Good"
"mercedes-benz","glc",269280,263984,"SUV","4","Automatic Transmission","Gasoline","Black"," Dubai","Neutral"
"nissan","sentra",27650,14116,"Sedan","4","Automatic Transmission","Gasoline","Black"," Sharjah","Good"
"mercedes-benz","gle-coupe",705081,102070,"SUV","8","Automatic Transmission","Gasoline","White"," Dubai","Poor"
"toyota","hilux",135052,116221,"Pick Up Truck","4","Manual Transmission","Diesel","Black"," Dubai","Poor"
"audi","q8",352539,150826,"SUV","6","Automatic Transmission","Gasoline","Black"," Abu Dhabi","Neutral"
"chevrolet","corvette",148898,256679,"Sports Car","8","Automatic Transmission","Gasoline","Red","Abu Dhabi","Neutral"
"toyota","corolla",19851,147368,"Sedan","4","Automatic Transmission","Gasoline","Other Color"," Sharjah","Good"
"bentley","bentayga",1052553,256230,"SUV","8","Automatic Transmission","Gasoline","White"," Dubai","Poor"
"honda","civic",43516,184386,"Sedan","4","Automatic Transmission","Gasoline","Red"," Dubai","Neutral"
"nissan","patrol",59185,13256,"SUV","8","Automatic Transmission","Gasoline","White"," Sharjah","Good"
"maserati","quattroporte",148528,264965,"Sedan","6","Automatic Transmission","Gasoline","Brown"," Dubai","Good"
"toyota","land-cruiser",91233,120082,"SUV","6","Automatic Transmission","Gasoline","Silver"," Dubai","Neutral"
"toyota","hilux",62868,231459,"Pick Up Truck","4","Manual Transmission","Gasoline","White"," Dubai","Good"
"mercedes-benz","s-class",35910,183880,"Sedan","6","Automatic Transmission","Gasoline","Black"," Dubai","Good"
"volkswagen","arteon",103775,133890,"Sedan","4","Automatic Transmission","Gasoline","Black"," Dubai","Good"
"toyota","land-cruiser",27147,28561,"SUV","8","Manual Transmission","Gasoline","White"," Dubai","Good"
"mercedes-benz","e-class",177001,171778,"Sedan","4","Automatic Transmission","Gasoline","Black"," Dubai","Good"
"ford","f-series-pickup",85708,222197,"Pick Up Truck","8","Automatic Transmission","Gasoline","Green"," Dubai","Good"
"nissan","patrol",112313,168483,"SUV","8","Automatic Transmission","Gasoline","Black"," Sharjah","Neutral"
"mercedes-benz","e-class",182251,174476,"Sedan","6","Automatic Transmission","Gasoline","White"," Abu Dhabi","Good"
"bmw","x5",105605,10205,"SUV","8","Automatic Transmission","Gasoline","Brown"," Abu Dhabi","Good"
"land-rover","range-rover-velar",296680,13826,"SUV","6","Automatic Transmission","Gasoline","Black"," Sharjah","Good"
"porsche","cayman",129954,238653,"Coupe","6","Automatic Transmission","Gasoline","Grey"," Dubai","Good"
"chevrolet","caprice",44017,23239,"Sedan","8","Automatic Transmission","Gasoline","White"," Dubai","Good"
"mercedes-benz","c-class",132912,123024,"Soft Top Convertible","4","Automatic Transmission","Gasoline","White"," Dubai","Good"
"bmw","4-series",95874,92319,"Coupe","4","Automatic Transmission","Gasoline","Red"," Dubai","Good"
"nissan","patrol",64722,158751,"SUV","8","Automatic Transmission","Gasoline","Burgundy"," Dubai","Good"
"nissan","patrol",175721,110216,"SUV","6","Automatic Transmission","Gasoline","White"," Dubai","Poor"
"land-rover","range-rover",386907,279715,"SUV","8","Automatic Transmission","Gasoline","Black"," Dubai","Neutral"
"dodge","challenger",63325,215962,"Sports Car","6","Automatic Transmission","Gasoline","Grey"," Dubai","Good"
"infiniti","q30",127755,221567,"SUV","4","Automatic Transmission","Gasoline","Red"," Abu Dhabi","Neutral"
"cadillac","escalade",177623,171668,"SUV","8","Automatic Transmission","Gasoline","Black"," Dubai","Poor"
"land-rover","range-rover-evoque",87904,166978,"Crossover","4","Automatic Transmission","Gasoline","Red"," Dubai","Good"
"porsche","carrera",142043,238539,"Coupe","6","Automatic Transmission","Gasoline","White"," Dubai","Good"
"toyota","hilux",68616,231324,"Pick Up Truck","4","Manual Transmission","Gasoline","White"," Dubai","Good"
"mercedes-benz","c-class",247339,171855,"Sedan","4","Automatic Transmission","Gasoline","White"," Dubai","Neutral"
"land-rover","range-rover",166262,79624,"SUV","8","Automatic Transmission","Gasoline","White"," Dubai","Good"
"cadillac","escalade",486181,252534,"SUV","8","Automatic Transmission","Gasoline","Black"," Dubai","Poor"
"gmc","terrain",96743,40675,"SUV","6","Automatic Transmission","Gasoline","Red"," Dubai","Neutral"
"kia","optima",60393,77618,"Sedan","4","Automatic Transmission","Gasoline","White"," Fujeirah","Neutral"
"mitsubishi","montero-sport",77176,175210,"SUV","6","Automatic Transmission","Gasoline","Blue"," Dubai","Neutral"
"nissan","pathfinder",53547,38028,"SUV","6","Automatic Transmission","Gasoline","Black"," Sharjah","Good"
"nissan","patrol",107958,111063,"SUV","6","Automatic Transmission","Gasoline","White"," Dubai","Neutral"
"audi","a5",234362,277917,"Hatchback","4","Automatic Transmission","Gasoline","Grey"," Abu Dhabi","Neutral"
"nissan","patrol",155335,147751,"SUV","8","Automatic Transmission","Gasoline","White"," Dubai","Poor"
"nissan","patrol",93700,243534,"SUV","8","Automatic Transmission","Gasoline","White"," Dubai","Neutral"
"land-rover","range-rover",314800,208882,"SUV","6","Automatic Transmission","Gasoline","Burgundy"," Dubai","Good"
"dodge","ram",78750,83019,"Pick Up Truck","8","Automatic Transmission","Gasoline","Black"," Abu Dhabi","Good"
"toyota","corolla",63993,145089,"Sedan","4","Automatic Transmission","Gasoline","White"," Sharjah","Good"
"dodge","durango",75039,90162,"SUV","6","Automatic Transmission","Gasoline","Black"," Dubai","Good"
"nissan","patrol",113661,206156,"SUV","8","Automatic Transmission","Gasoline","White"," Dubai","Neutral"
"porsche","carrera",269523,141959,"Coupe","6","Automatic Transmission","Gasoline","White"," Dubai","Neutral"
"mercedes-benz","c-class",140619,103935,"Coupe","4","Automatic Transmission","Gasoline","Grey"," Dubai","Good"
"dodge","challenger",76484,102173,"Coupe","6","Automatic Transmission","Gasoline","Black"," Dubai","Good"
"lexus","ls-series",101974,24257,"Sedan","8","Automatic Transmission","Gasoline","White"," Umm Al Qawain","Neutral"
"audi","rs6",133859,143522,"Sedan","8","Automatic Transmission","Gasoline","White"," Dubai","Good"
"toyota","prado",76428,148083,"SUV","6","Automatic Transmission","Gasoline","Black"," Dubai","Neutral"
"toyota","avanza",21648,219586,"Van","4","Automatic Transmission","Gasoline","White"," Dubai","Good"
"bmw","8-series",375911,287585,"Sedan","8","Automatic Transmission","Gasoline","White"," Dubai","Poor"
"audi","s7rs7",766995,16697,"Sedan","8","Automatic Transmission","Gasoline","Grey"," Dubai","Poor"
"mercedes-benz","e-class",293590,92820,"Sedan","4","Automatic Transmission","Gasoline","Other Color"," Dubai","Neutral"
"lexus","rx-series",90690,98937,"SUV","6","Automatic Transmission","Gasoline","Gold"," Abu Dhabi","Neutral"
"nissan","maxima",42683,32051,"Sedan","6","Automatic Transmission","Gasoline","Silver"," Dubai","Good"
"mercedes-benz","s-class",32614,18392,"Sedan","12","Automatic Transmission","Gasoline","White"," Dubai","Good"
"ford","focus",14636,293705,"Sedan","4","Automatic Transmission","Gasoline","White"," Dubai","Good"
"mitsubishi","pajero",69403,89904,"SUV","6","Automatic Transmission","Gasoline","Silver"," Dubai","Good"
"tesla","model-3",190568,50652,"Sedan","None","Automatic Transmission","Electric","White"," Abu Dhabi","Neutral"
"mitsubishi","pajero",49057,92341,"SUV","6","Automatic Transmission","Gasoline","Silver"," Dubai","Good"
"mercedes-benz","s-class",238105,142327,"Sedan","8","Automatic Transmission","Gasoline","Silver"," Dubai","Neutral"
"bentley","continental",213043,272905,"Coupe","8","Automatic Transmission","Gasoline","White"," Dubai","Good"
"dodge","challenger",45436,259180,"Coupe","6","Automatic Transmission","Gasoline","Red"," Abu Dhabi","Neutral"
"hyundai","sonata",28766,53411,"Sedan","4","Automatic Transmission","Gasoline","Black"," Sharjah","Good"
"porsche","panamera",135175,299556,"Sedan","8","Automatic Transmission","Gasoline","White"," Dubai","Good"
"gmc","yukon",348037,261502,"SUV","8","Automatic Transmission","Gasoline","Black"," Dubai","Poor"
"toyota","prado",183381,80525,"SUV","6","Automatic Transmission","Gasoline","White"," Dubai","Poor"
"mercedes-benz","s-class",1364264,109179,"Sedan","8","Automatic Transmission","Gasoline","Black"," Dubai","Poor"
"fiat","fiat-500",38550,266256,"Hatchback","4","Automatic Transmission","Gasoline","Red"," Dubai","Good"
"land-rover","range-rover-sport",220645,224756,"SUV","8","Automatic Transmission","Gasoline","White"," Dubai","Good"
"gmc","terrain",75481,105784,"SUV","6","Automatic Transmission","Gasoline","White"," Dubai","Good"
"porsche","cayenne",95968,103137,"SUV","8","Automatic Transmission","Gasoline","White"," Dubai","Good"
"nissan","other",25520,269331,"Pick Up Truck","4","Manual Transmission","Diesel","White"," Dubai","Good"
"land-rover","range-rover",171544,73118,"SUV","8","Automatic Transmission","Gasoline","White"," Dubai","Good"
"volkswagen","jetta",36540,50031,"Sedan","4","Automatic Transmission","Gasoline","Red"," Dubai","Good"
"nissan","patrol",155393,255942,"SUV","6","Automatic Transmission","Gasoline","Gold"," Dubai","Poor"
"toyota","sequoia",33023,126689,"SUV","8","Automatic Transmission","Gasoline","Silver"," Dubai","Good"
"jeep","wrangler",118140,69704,"SUV","6","Automatic Transmission","Gasoline","Beige"," Dubai","Neutral"
"gmc","acadia",23266,120422,"SUV","6","Automatic Transmission","Gasoline","Red"," Dubai","Good"
"jeep","wrangler-unlimited",115115,175039,"Hard Top Convertible","6","Automatic Transmission","Gasoline","Grey"," Dubai","Neutral"
"porsche","cayenne",165647,93392,"SUV","6","Automatic Transmission","Gasoline","Red"," Dubai","Good"
"jeep","grand-cherokee",94575,262993,"SUV","8","Automatic Transmission","Gasoline","Red"," Dubai","Neutral"
"porsche","macan",185242,207055,"SUV","6","Automatic Transmission","Gasoline","Grey"," Al Ain","Good"
"hyundai","sonata",92460,292779,"Sedan","4","Automatic Transmission","Gasoline","Silver"," Dubai","Good"
"toyota","prado",65357,244497,"SUV","6","Automatic Transmission","Gasoline","White"," Sharjah","Good"
"bmw","x1",121411,277239,"SUV","4","Automatic Transmission","Gasoline","White"," Dubai","Good"
"volvo","xc90",250100,132063,"SUV","4","Automatic Transmission","Gasoline","Black"," Dubai","Poor"
"jaguar","f-pace",176160,212364,"SUV","4","Automatic Transmission","Gasoline","Black"," Dubai","Good"
"nissan","patrol",48823,249716,"SUV","6","Manual Transmission","Gasoline","Gold"," Dubai","Good"
"land-rover","range-rover",386641,154652,"SUV","8","Automatic Transmission","Gasoline","Blue"," Dubai","Neutral"
"renault","dokker",40934,283937,"Van","4","Manual Transmission","Gasoline","White"," Dubai","Neutral"
"honda","odyssey",65124,122833,"Van","6","Automatic Transmission","Gasoline","White"," Dubai","Good"
"mercedes-benz","glc-63",330749,63460,"SUV","8","Automatic Transmission","Gasoline","White"," Dubai","Neutral"
"mercedes-benz","gle-coupe",561576,237107,"SUV","6","Automatic Transmission","Gasoline","White"," Dubai","Poor"
"bmw","7-series",66011,203931,"Sedan","8","Automatic Transmission","Gasoline","Blue"," Dubai","Good"
"mercedes-benz","glc",107969,275872,"SUV","4","Automatic Transmission","Gasoline","Black"," Dubai","Good"
"mini","cooper",96081,292517,"Sedan","4","Automatic Transmission","Gasoline","Grey"," Dubai","Good"
"jeep","grand-cherokee",174586,18872,"SUV","8","Automatic Transmission","Gasoline","White"," Dubai","Poor"
"gmc","acadia",21691,82892,"SUV","6","Automatic Transmission","Gasoline","Red"," Dubai","Good"
"mercedes-benz","e-class",390508,108037,"Sedan","8","Automatic Transmission","Gasoline","Black"," Dubai","Poor"
"honda","accord",26538,257358,"Sedan","4","Automatic Transmission","Gasoline","Black"," Dubai","Good"
"land-rover","range-rover",546850,202726,"SUV","6","Automatic Transmission","Gasoline","Grey"," Dubai","Neutral"
"bmw","x1",126573,160393,"SUV","4","Automatic Transmission","Gasoline","White"," Dubai","Good"
"mercedes-benz","e-class",223637,67257,"Sedan","4","Automatic Transmission","Gasoline","Grey"," Dubai","Neutral"
"mercedes-benz","a-class",63425,88601,"Hatchback","4","Automatic Transmission","Gasoline","Silver"," Dubai","Good"
"mercedes-benz","glb",315312,243074,"SUV","4","Automatic Transmission","Gasoline","Black"," Dubai","Neutral"
"bmw","x3",226614,31731,"SUV","4","Automatic Transmission","Gasoline","Blue"," Dubai","Neutral"
"ferrari","other",581463,247049,"Coupe","12","Manual Transmission","Gasoline","Red"," Dubai","Good"
"nissan","sentra",23460,68422,"Sedan","4","Automatic Transmission","Gasoline","Black","Ajman","Good"
"hyundai","santa-fe",92382,138299,"SUV","6","Automatic Transmission","Gasoline","White"," Abu Dhabi","Poor"
"audi","a6",48304,284104,"Sedan","4","Automatic Transmission","Gasoline","Black","Abu Dhabi","Good"
"mercedes-benz","s-class",201506,63389,"Sedan","8","Automatic Transmission","Gasoline","White"," Ajman","Good"
"nissan","patrol",127842,50306,"SUV","8","Automatic Transmission","Gasoline","Black"," Abu Dhabi","Neutral"
"aston-martin","db11",507376,135563,"Coupe","12","Automatic Transmission","Gasoline","Green"," Dubai","Neutral"
"ford","pickup",253975,251540,"Pick Up Truck","6","Automatic Transmission","Gasoline","Blue"," Dubai","Poor"
"nissan","sentra",32272,33352,"Sedan","4","Automatic Transmission","Gasoline","Silver"," Dubai","Good"
"lincoln","mkz",42896,296430,"Sedan","4","Automatic Transmission","Gasoline","Red"," Abu Dhabi","Good"
"nissan","sunny",25800,230033,"Sedan","4","Automatic Transmission","Gasoline","White"," Dubai","Good"
"bmw","x5",303686,124729,"SUV","6","Automatic Transmission","Gasoline","Black"," Dubai","Neutral"
"audi","a3",68078,288699,"Sedan","3","Automatic Transmission","Gasoline","White"," Dubai","Good"
"toyota","rav-4",44300,299957,"SUV","4","Automatic Transmission","Gasoline","White"," Dubai","Good"
"land-rover","range-rover-sport",132026,72344,"SUV","6","Automatic Transmission","Gasoline","White"," Dubai","Good"
"bmw","7-series",542408,295852,"Sedan","8","Automatic Transmission","Gasoline","White"," Dubai","Poor"
"mitsubishi","pajero",39551,63824,"SUV","6","Automatic Transmission","Gasoline","Black"," Dubai","Good"
"bmw","x5",219655,258690,"SUV","6","Automatic Transmission","Gasoline","Black"," Sharjah","Neutral"
"mercedes-benz","s-class-coupe",215526,195008,"Coupe","8","Automatic Transmission","Gasoline","Black"," Dubai","Neutral"
"mitsubishi","pajero",33129,171789,"SUV","6","Automatic Transmission","Gasoline","Grey"," Dubai","Good"
"ford","explorer",122568,104640,"SUV","6","Automatic Transmission","Gasoline","White"," Dubai","Neutral"
"nissan","patrol",163227,101651,"SUV","6","Manual Transmission","Gasoline","White"," Abu Dhabi","Poor"
"rolls-royce","ghost",1779853,298144,"Sedan","12","Automatic Transmission","Gasoline","Green"," Dubai","Poor"
"ford","explorer",49636,142016,"SUV","6","Automatic Transmission","Gasoline","Silver"," Dubai","Good"
"chevrolet","captiva",40688,294566,"SUV","4","Automatic Transmission","Gasoline","Grey"," Dubai","Good"
"infiniti","qx70",64047,126408,"SUV","6","Automatic Transmission","Gasoline","Burgundy"," Dubai","Good"
"nissan","rogue",135254,171242,"SUV","4","Automatic Transmission","Gasoline","Grey"," Sharjah","Poor"
"lexus","ls-series",20376,93384,"Sedan","8","Automatic Transmission","Gasoline","Black"," Sharjah","Good"
"mercedes-benz","c-class",153171,191778,"Coupe","8","Automatic Transmission","Gasoline","White"," Abu Dhabi","Good"
"nissan","patrol",276764,191731,"SUV","8","Automatic Transmission","Gasoline","White"," Sharjah","Poor"
"nissan","patrol",175758,274372,"SUV","6","Automatic Transmission","Gasoline","White"," Dubai","Poor"
"ford","edge",183374,265019,"SUV","6","Automatic Transmission","Gasoline","White"," Dubai","Poor"
"land-rover","range-rover-sport",113558,132460,"SUV","6","Automatic Transmission","Gasoline","White"," Dubai","Good"
"jeep","grand-cherokee",211822,70843,"SUV","6","Automatic Transmission","Gasoline","White"," Dubai","Poor"
"kia","optima",40321,98469,"Sedan","4","Automatic Transmission","Gasoline","Black"," Dubai","Neutral"
"audi","q5",43586,199168,"SUV","4","Automatic Transmission","Gasoline","Grey"," Dubai","Good"
"ferrari","812-gts",2760754,271437,"Hard Top Convertible","12","Automatic Transmission","Gasoline","White"," Dubai","Poor"
"toyota","land-cruiser-76-series",224023,10614,"SUV","6","Manual Transmission","Gasoline","Red"," Dubai","Poor"
"nissan","maxima",50580,260062,"Sedan","4","Automatic Transmission","Gasoline","Grey"," Dubai","Good"
"toyota","land-cruiser",88053,81385,"SUV","6","Manual Transmission","Gasoline","Beige"," Sharjah","Neutral"
"bmw","x4",298483,68790,"SUV","4","Automatic Transmission","Gasoline","Grey"," Dubai","Neutral"
"bentley","continental-gt",348095,201678,"Coupe","12","Automatic Transmission","Gasoline","White"," Dubai","Good"
"nissan","x-trail",61839,268531,"Crossover","4","Automatic Transmission","Gasoline","White"," Dubai","Good"
"lincoln","nautilus",150244,28278,"SUV","4","Automatic Transmission","Gasoline","Beige"," Dubai","Neutral"
"nissan","patrol",62122,136104,"SUV","8","Automatic Transmission","Gasoline","Black"," Dubai","Good"
"toyota","innova",29580,221488,"Van","4","Automatic Transmission","Gasoline","White"," Dubai","Good"
"ferrari","812-gts",2363537,79036,"Hard Top Convertible","12","Automatic Transmission","Gasoline","Grey"," Dubai","Poor"
"porsche","cayenne",172349,77433,"SUV","6","Automatic Transmission","Gasoline","White"," Sharjah","Good"
"renault","koleos",37409,246728,"SUV","4","Automatic Transmission","Gasoline","Grey"," Dubai","Neutral"
"chevrolet","tahoe",132357,142233,"SUV","8","Automatic Transmission","Gasoline","Other Color"," Dubai","Neutral"
"bentley","bentayga",822768,204186,"SUV","12","Automatic Transmission","Gasoline","Orange"," Dubai","Poor"
"nissan","gt-r",266927,24364,"Coupe","6","Manual Transmission","Gasoline","White"," Dubai","Poor"
"chevrolet","traverse",77069,245422,"SUV","6","Automatic Transmission","Gasoline","Black"," Dubai","Good"
"mercedes-benz","e-class",243160,171704,"Sedan","4","Automatic Transmission","Gasoline","Black"," Dubai","Neutral"
"bmw","7-series",193244,120869,"Sedan","8","Automatic Transmission","Gasoline","Black"," Dubai","Good"
"land-rover","range-rover-velar",210518,170624,"SUV","4","Automatic Transmission","Gasoline","White"," Dubai","Good"
"hyundai","veloster",72952,92373,"Sedan","4","Automatic Transmission","Gasoline","White"," Sharjah","Poor"
"mercedes-benz","gle-coupe",508628,20897,"SUV","6","Automatic Transmission","Gasoline","Grey"," Dubai","Poor"
"nissan","pathfinder",63102,159058,"SUV","6","Automatic Transmission","Gasoline","White"," Abu Dhabi","Good"
"ford","ranger",52708,144912,"Pick Up Truck","4","Manual Transmission","Gasoline","White"," Dubai","Good"
"ferrari","f8-tributo",1655646,227897,"Sports Car","8","Automatic Transmission","Gasoline","Black"," Dubai","Poor"
"porsche","cayenne",48087,98711,"Crossover","6","Automatic Transmission","Gasoline","Grey"," Dubai","Good"
"hyundai","santa-fe",53919,82123,"SUV","4","Automatic Transmission","Gasoline","Brown"," Dubai","Neutral"
"dodge","challenger",79301,239453,"Sports Car","6","Automatic Transmission","Gasoline","Silver"," Dubai","Good"
"ford","mustang",74002,297770,"Crossover","4","Automatic Transmission","Gasoline","Red"," Sharjah","Good"
"dodge","charger",43831,163725,"Sedan","6","Automatic Transmission","Gasoline","Blue"," Dubai","Good"
"audi","q5",62295,186138,"SUV","4","Automatic Transmission","Gasoline","Silver"," Dubai","Good"
"nissan","patrol",365156,184291,"SUV","8","Automatic Transmission","Gasoline","White"," Dubai","Poor"
"jeep","cherokee",55552,197641,"Crossover","6","Automatic Transmission","Gasoline","Grey"," Dubai","Good"
"lamborghini","urus",1215701,262644,"SUV","8","Automatic Transmission","Gasoline","Green"," Sharjah","Neutral"
"bmw","6-series",99011,35320,"Sedan","6","Automatic Transmission","Gasoline","White"," Dubai","Good"
"lamborghini","aventador",1832586,205748,"Hard Top Convertible","12","Automatic Transmission","Gasoline","Blue"," Dubai","Poor"
"nissan","patrol",100365,278015,"SUV","8","Automatic Transmission","Gasoline","Black"," Dubai","Neutral"
"mercedes-benz","g-class",1230178,201321,"SUV","8","Automatic Transmission","Gasoline","White"," Dubai","Poor"
"land-rover","lr4",55449,219417,"SUV","8","Automatic Transmission","Gasoline","Black"," Abu Dhabi","Good"
"bmw","7-series",85555,289556,"Sedan","8","Automatic Transmission","Gasoline","Gold"," Dubai","Good"
"land-rover","range-rover",430267,235039,"SUV","8","Automatic Transmission","Gasoline","Blue"," Dubai","Neutral"
"nissan","van",34340,168467,"Van","4","Manual Transmission","Gasoline","White"," Dubai","Good"
"mercedes-benz","gt",1721480,96393,"Coupe","8","Automatic Transmission","Gasoline","Silver"," Dubai","Poor"
"volkswagen","touareg",35388,135042,"SUV","6","Automatic Transmission","Gasoline","White"," Dubai","Good"
"porsche","cayenne",365698,270237,"SUV","6","Automatic Transmission","Gasoline","Black"," Abu Dhabi","Neutral"
"mazda","6",26820,236561,"Sedan","4","Automatic Transmission","Gasoline","White"," Dubai","Good"
"nissan","altima",86473,291377,"Sedan","4","Automatic Transmission","Gasoline","White"," Dubai","Neutral"
"mercedes-benz","gl-class",137215,178410,"SUV","8","Automatic Transmission","Gasoline","White"," Dubai","Neutral"
"maybach","other",1085047,141486,"SUV","8","Automatic Transmission","Gasoline","White"," Dubai","Poor"
"chevrolet","impala",70411,155645,"Sedan","6","Automatic Transmission","Gasoline","Black"," Dubai","Good"
"hyundai","veracruz",18109,30185,"Pick Up Truck","4","Automatic Transmission","Gasoline","Black"," Dubai","Good"
"nissan","sentra",26376,212660,"Sedan","4","Automatic Transmission","Gasoline","Blue"," Dubai","Good"
"maserati","quattroporte",127506,261437,"Sedan","6","Automatic Transmission","Gasoline","Silver"," Dubai","Good"
"dodge","charger",103717,291288,"Sedan","8","Automatic Transmission","Gasoline","White"," Dubai","Neutral"
"toyota","prado",68344,223486,"SUV","6","Automatic Transmission","Gasoline","Black"," Dubai","Good"
"jeep","wrangler",70279,221743,"SUV","6","Manual Transmission","Gasoline","White"," Dubai","Good"
"ford","flex",16627,167940,"SUV","6","Automatic Transmission","Gasoline","Burgundy"," Sharjah","Good"
"land-rover","range-rover",243875,166038,"SUV","8","Automatic Transmission","Gasoline","Brown"," Dubai","Good"
"bmw","7-series",43307,227566,"Sedan","6","Automatic Transmission","Gasoline","Silver"," Dubai","Good"
"toyota","land-cruiser",166268,278660,"SUV","8","Automatic Transmission","Gasoline","White"," Abu Dhabi","Poor"
"bmw","x6",211781,152869,"SUV","8","Automatic Transmission","Gasoline","White"," Dubai","Neutral"
"volkswagen","arteon",110244,66930,"Sedan","4","Automatic Transmission","Gasoline","White"," Dubai","Good"
"nissan","300zx",158931,262399,"Coupe","6","Manual Transmission","Gasoline","Red"," Dubai","Poor"
"rolls-royce","wraith",1270658,286196,"Coupe","12","Automatic Transmission","Gasoline","Red"," Dubai","Poor"
"mercedes-benz","gle-coupe",670012,297489,"SUV","6","Automatic Transmission","Gasoline","White"," Dubai","Poor"
"nissan","altima",38977,262630,"Sedan","4","Automatic Transmission","Gasoline","White"," Dubai","Poor"
"lexus","is-series",159243,154887,"Sedan","4","Automatic Transmission","Gasoline","White"," Sharjah","Poor"
"renault","captur",32250,71116,"SUV","4","Automatic Transmission","Gasoline","Beige"," Dubai","Good"
"dodge","durango",29423,61073,"SUV","6","Automatic Transmission","Gasoline","Grey"," Dubai","Good"
"nissan","patrol",360078,269976,"SUV","8","Automatic Transmission","Gasoline","Grey"," Dubai","Poor"
"audi","a8",107876,79527,"Sedan","6","Automatic Transmission","Gasoline","Black"," Dubai","Good"
"mercedes-benz","c-class",205117,27651,"Sedan","8","Automatic Transmission","Gasoline","Grey"," Dubai","Neutral"
"land-rover","range-rover-sport",221981,252651,"SUV","8","Automatic Transmission","Gasoline","Black"," Dubai","Good"
"toyota","rav-4",31984,67467,"SUV","4","Automatic Transmission","Gasoline","Silver"," Abu Dhabi","Good"
"jeep","cherokee",73528,294258,"SUV","4","Automatic Transmission","Gasoline","Blue"," Dubai","Neutral"
"gmc","acadia",40248,73230,"SUV","6","Automatic Transmission","Gasoline","Black"," Dubai","Good"
"toyota","land-cruiser",425930,100346,"Wagon","6","Automatic Transmission","Gasoline","White"," Dubai","Poor"
"mercedes-benz","slk-class",89113,187076,"Hard Top Convertible","4","Automatic Transmission","Gasoline","Black"," Dubai","Good"
"bmw","6-series",54826,147920,"Sedan","6","Automatic Transmission","Gasoline","Black"," Dubai","Good"
"land-rover","range-rover",201898,114345,"SUV","6","Automatic Transmission","Gasoline","Silver"," Dubai","Good"
"nissan","armada",19658,255545,"SUV","8","Automatic Transmission","Gasoline","Black"," Dubai","Good"
"chevrolet","silverado",148628,172761,"SUV","8","Automatic Transmission","Gasoline","White"," Sharjah","Neutral"
"audi","q7",54113,181061,"SUV","6","Automatic Transmission","Gasoline","Brown"," Dubai","Good"
"bmw","4-series",134011,228061,"Sedan","4","Automatic Transmission","Gasoline","Blue"," Dubai","Good"
"bmw","3-series",25403,265551,"Sedan","6","Automatic Transmission","Gasoline","Black"," Sharjah","Good"
